<?xml version="1.0" encoding="UTF-8"?>
<export version="D">
  <design>
    <source>C:\Users\verbkinm\Documents\Atmel Studio\7.0\avr_simple_clock\Kicad\attiny2313_tm1637_ds1302\attiny2313_tm1637_ds1302.sch</source>
    <date>17.08.2020 16:26:07</date>
    <tool>Eeschema (5.1.6)-1</tool>
    <sheet number="1" name="/" tstamps="/">
      <title_block>
        <title/>
        <company/>
        <rev/>
        <date/>
        <source>attiny2313_tm1637_ds1302.sch</source>
        <comment number="1" value=""/>
        <comment number="2" value=""/>
        <comment number="3" value=""/>
        <comment number="4" value=""/>
      </title_block>
    </sheet>
  </design>
  <components>
    <comp ref="U1">
      <value>ATtiny2313A-PU</value>
      <footprint>Package_DIP:DIP-20_W7.62mm</footprint>
      <datasheet>http://ww1.microchip.com/downloads/en/DeviceDoc/doc8246.pdf</datasheet>
      <libsource lib="MCU_Microchip_ATtiny" part="ATtiny2313A-PU" description="20MHz, 2kB Flash, 128B SRAM, 128B EEPROM, DIP-20"/>
      <sheetpath names="/" tstamps="/"/>
      <tstamp>5F394FAA</tstamp>
    </comp>
    <comp ref="U2">
      <value>DS1302+</value>
      <footprint>Package_DIP:DIP-8_W7.62mm</footprint>
      <datasheet>https://datasheets.maximintegrated.com/en/ds/DS1302.pdf</datasheet>
      <libsource lib="Timer_RTC" part="DS1302+" description="Trickle-Charge Timekeeping Chip, 2.0V to 5.5V VCC, 0°C to +70°C, DIP-8"/>
      <sheetpath names="/" tstamps="/"/>
      <tstamp>5F396480</tstamp>
    </comp>
    <comp ref="U3">
      <value>tm1637-module</value>
      <footprint>Module:tm1637-module</footprint>
      <datasheet>http://arduino.on.kg/show/221</datasheet>
      <libsource lib="attiny2313_tm1637_ds1302-rescue" part="tm1637-module-Display_Graphic" description=""/>
      <sheetpath names="/" tstamps="/"/>
      <tstamp>5F3989A8</tstamp>
    </comp>
    <comp ref="Y1">
      <value>Crystal</value>
      <footprint>Crystal:Crystal_AT310_D3.0mm_L10.0mm_Vertical</footprint>
      <datasheet>~</datasheet>
      <libsource lib="Device" part="Crystal" description="Two pin crystal"/>
      <sheetpath names="/" tstamps="/"/>
      <tstamp>5F3951E3</tstamp>
    </comp>
    <comp ref="BT1">
      <value>Battery_Cell</value>
      <footprint>Battery:BatteryHolder_Keystone_103_1x20mm</footprint>
      <datasheet>~</datasheet>
      <libsource lib="Device" part="Battery_Cell" description="Single-cell battery"/>
      <sheetpath names="/" tstamps="/"/>
      <tstamp>5F3A9AAB</tstamp>
    </comp>
    <comp ref="SW_1">
      <value>Mode</value>
      <footprint>Button_Switch_THT:SW_PUSH_6mm</footprint>
      <datasheet>~</datasheet>
      <libsource lib="Switch" part="SW_Push" description="Push button switch, generic, two pins"/>
      <sheetpath names="/" tstamps="/"/>
      <tstamp>5F3CFF50</tstamp>
    </comp>
    <comp ref="SW_2">
      <value>Clock_mode</value>
      <footprint>Button_Switch_THT:SW_PUSH_6mm</footprint>
      <datasheet>~</datasheet>
      <libsource lib="Switch" part="SW_Push" description="Push button switch, generic, two pins"/>
      <sheetpath names="/" tstamps="/"/>
      <tstamp>5F3D2606</tstamp>
    </comp>
    <comp ref="SW_3">
      <value>Brightness</value>
      <footprint>Button_Switch_THT:SW_PUSH_6mm</footprint>
      <datasheet>~</datasheet>
      <libsource lib="Switch" part="SW_Push" description="Push button switch, generic, two pins"/>
      <sheetpath names="/" tstamps="/"/>
      <tstamp>5F3D407E</tstamp>
    </comp>
    <comp ref="D1">
      <value>DIODE</value>
      <footprint>Diode_THT:D_DO-15_P12.70mm_Horizontal</footprint>
      <datasheet>~</datasheet>
      <fields>
        <field name="Spice_Netlist_Enabled">Y</field>
        <field name="Spice_Primitive">D</field>
      </fields>
      <libsource lib="Simulation_SPICE" part="DIODE" description="Diode, anode on pin 1, for simulation only!"/>
      <sheetpath names="/" tstamps="/"/>
      <tstamp>5F3DD583</tstamp>
    </comp>
    <comp ref="D2">
      <value>DIODE</value>
      <footprint>Diode_THT:D_DO-15_P12.70mm_Horizontal</footprint>
      <datasheet>~</datasheet>
      <fields>
        <field name="Spice_Netlist_Enabled">Y</field>
        <field name="Spice_Primitive">D</field>
      </fields>
      <libsource lib="Simulation_SPICE" part="DIODE" description="Diode, anode on pin 1, for simulation only!"/>
      <sheetpath names="/" tstamps="/"/>
      <tstamp>5F3DE4C2</tstamp>
    </comp>
    <comp ref="R1">
      <value>10kOm</value>
      <footprint>Resistor_THT:R_Axial_DIN0309_L9.0mm_D3.2mm_P12.70mm_Horizontal</footprint>
      <datasheet>~</datasheet>
      <libsource lib="Device" part="R" description="Resistor"/>
      <sheetpath names="/" tstamps="/"/>
      <tstamp>5F3E9815</tstamp>
    </comp>
    <comp ref="R2">
      <value>10kOm</value>
      <footprint>Resistor_THT:R_Axial_DIN0309_L9.0mm_D3.2mm_P12.70mm_Horizontal</footprint>
      <datasheet>~</datasheet>
      <libsource lib="Device" part="R" description="Resistor"/>
      <sheetpath names="/" tstamps="/"/>
      <tstamp>5F3EB472</tstamp>
    </comp>
    <comp ref="Q1">
      <value>S9014</value>
      <footprint>Package_TO_SOT_THT:TO-39-3</footprint>
      <datasheet>https://www.radiolibrary.ru/reference/transistor-imp/s9014c.html</datasheet>
      <libsource lib="Transistor_BJT" part="2N2219" description="800mA Ic, 50V Vce, NPN Transistor, TO-39"/>
      <sheetpath names="/" tstamps="/"/>
      <tstamp>5F3EE1BF</tstamp>
    </comp>
    <comp ref="BZ1">
      <value>Buzzer</value>
      <footprint>Buzzer_Beeper:Buzzer_12x9.5RM7.6</footprint>
      <datasheet>~</datasheet>
      <libsource lib="Device" part="Buzzer" description="Buzzer, polarized"/>
      <sheetpath names="/" tstamps="/"/>
      <tstamp>5F3F19A6</tstamp>
    </comp>
    <comp ref="R3">
      <value>R_Variable</value>
      <footprint>Potentiometer_THT:Potentiometer_Vishay_T73YP_Vertical</footprint>
      <datasheet>~</datasheet>
      <libsource lib="Device" part="R_Variable" description="Variable resistor"/>
      <sheetpath names="/" tstamps="/"/>
      <tstamp>5F3F6D79</tstamp>
    </comp>
  </components>
  <libparts>
    <libpart lib="Device" part="Battery_Cell">
      <description>Single-cell battery</description>
      <docs>~</docs>
      <fields>
        <field name="Reference">BT</field>
        <field name="Value">Battery_Cell</field>
      </fields>
      <pins>
        <pin num="1" name="+" type="output"/>
        <pin num="2" name="-" type="output"/>
      </pins>
    </libpart>
    <libpart lib="Device" part="Buzzer">
      <description>Buzzer, polarized</description>
      <docs>~</docs>
      <footprints>
        <fp>*Buzzer*</fp>
      </footprints>
      <fields>
        <field name="Reference">BZ</field>
        <field name="Value">Buzzer</field>
      </fields>
      <pins>
        <pin num="1" name="-" type="passive"/>
        <pin num="2" name="+" type="passive"/>
      </pins>
    </libpart>
    <libpart lib="Device" part="Crystal">
      <description>Two pin crystal</description>
      <docs>~</docs>
      <footprints>
        <fp>Crystal*</fp>
      </footprints>
      <fields>
        <field name="Reference">Y</field>
        <field name="Value">Crystal</field>
      </fields>
      <pins>
        <pin num="1" name="1" type="passive"/>
        <pin num="2" name="2" type="passive"/>
      </pins>
    </libpart>
    <libpart lib="Device" part="R">
      <description>Resistor</description>
      <docs>~</docs>
      <footprints>
        <fp>R_*</fp>
      </footprints>
      <fields>
        <field name="Reference">R</field>
        <field name="Value">R</field>
      </fields>
      <pins>
        <pin num="1" name="~" type="passive"/>
        <pin num="2" name="~" type="passive"/>
      </pins>
    </libpart>
    <libpart lib="Device" part="R_Variable">
      <description>Variable resistor</description>
      <docs>~</docs>
      <footprints>
        <fp>R_*</fp>
      </footprints>
      <fields>
        <field name="Reference">R</field>
        <field name="Value">R_Variable</field>
      </fields>
      <pins>
        <pin num="1" name="~" type="passive"/>
        <pin num="2" name="~" type="passive"/>
      </pins>
    </libpart>
    <libpart lib="MCU_Microchip_ATtiny" part="ATtiny2313V-10PU">
      <aliases>
        <alias>ATtiny2313-20PU</alias>
        <alias>ATtiny2313A-PU</alias>
        <alias>ATtiny4313-PU</alias>
      </aliases>
      <description>10MHz, 2kB Flash, 128B SRAM, 128B EEPROM, debugWIRE, DIP-20</description>
      <docs>http://ww1.microchip.com/downloads/en/DeviceDoc/Atmel-2543-AVR-ATtiny2313_Datasheet.pdf</docs>
      <footprints>
        <fp>DIP*W7.62mm*</fp>
      </footprints>
      <fields>
        <field name="Reference">U</field>
        <field name="Value">ATtiny2313V-10PU</field>
        <field name="Footprint">Package_DIP:DIP-20_W7.62mm</field>
      </fields>
      <pins>
        <pin num="1" name="PA2/~RESET" type="BiDi"/>
        <pin num="2" name="PD0" type="BiDi"/>
        <pin num="3" name="PD1" type="BiDi"/>
        <pin num="4" name="PA1/XTAL2" type="BiDi"/>
        <pin num="5" name="PA0/XTAL1" type="BiDi"/>
        <pin num="6" name="PD2" type="BiDi"/>
        <pin num="7" name="PD3" type="BiDi"/>
        <pin num="8" name="PD4" type="BiDi"/>
        <pin num="9" name="PD5" type="BiDi"/>
        <pin num="10" name="GND" type="power_in"/>
        <pin num="11" name="PD6" type="BiDi"/>
        <pin num="12" name="PB0" type="BiDi"/>
        <pin num="13" name="PB1" type="BiDi"/>
        <pin num="14" name="PB2" type="BiDi"/>
        <pin num="15" name="PB3" type="BiDi"/>
        <pin num="16" name="PB4" type="BiDi"/>
        <pin num="17" name="PB5" type="BiDi"/>
        <pin num="18" name="PB6" type="BiDi"/>
        <pin num="19" name="PB7" type="BiDi"/>
        <pin num="20" name="VCC" type="power_in"/>
      </pins>
    </libpart>
    <libpart lib="Simulation_SPICE" part="DIODE">
      <description>Diode, anode on pin 1, for simulation only!</description>
      <docs>~</docs>
      <fields>
        <field name="Reference">D</field>
        <field name="Value">DIODE</field>
        <field name="Spice_Netlist_Enabled">Y</field>
        <field name="Spice_Primitive">D</field>
      </fields>
      <pins>
        <pin num="1" name="A" type="passive"/>
        <pin num="2" name="K" type="passive"/>
      </pins>
    </libpart>
    <libpart lib="Switch" part="SW_Push">
      <description>Push button switch, generic, two pins</description>
      <docs>~</docs>
      <fields>
        <field name="Reference">SW</field>
        <field name="Value">SW_Push</field>
      </fields>
      <pins>
        <pin num="1" name="1" type="passive"/>
        <pin num="2" name="2" type="passive"/>
      </pins>
    </libpart>
    <libpart lib="Timer_RTC" part="DS1302+">
      <aliases>
        <alias>DS1302N+</alias>
      </aliases>
      <description>Trickle-Charge Timekeeping Chip, 2.0V to 5.5V VCC, 0°C to +70°C, DIP-8</description>
      <docs>https://datasheets.maximintegrated.com/en/ds/DS1302.pdf</docs>
      <footprints>
        <fp>DIP*W7.62mm*</fp>
      </footprints>
      <fields>
        <field name="Reference">U</field>
        <field name="Value">DS1302+</field>
        <field name="Footprint">Package_DIP:DIP-8_W7.62mm</field>
      </fields>
      <pins>
        <pin num="1" name="VCC2" type="power_in"/>
        <pin num="2" name="X1" type="input"/>
        <pin num="3" name="X2" type="input"/>
        <pin num="4" name="GND" type="power_in"/>
        <pin num="5" name="CE" type="input"/>
        <pin num="6" name="I/O" type="BiDi"/>
        <pin num="7" name="SCLK" type="input"/>
        <pin num="8" name="VCC1" type="power_in"/>
      </pins>
    </libpart>
    <libpart lib="Transistor_BJT" part="2N2219">
      <aliases>
        <alias>BC140</alias>
        <alias>BC141</alias>
      </aliases>
      <description>800mA Ic, 50V Vce, NPN Transistor, TO-39</description>
      <docs>http://www.onsemi.com/pub_link/Collateral/2N2219-D.PDF</docs>
      <footprints>
        <fp>TO?39*</fp>
      </footprints>
      <fields>
        <field name="Reference">Q</field>
        <field name="Value">2N2219</field>
        <field name="Footprint">Package_TO_SOT_THT:TO-39-3</field>
      </fields>
      <pins>
        <pin num="1" name="E" type="passive"/>
        <pin num="2" name="B" type="passive"/>
        <pin num="3" name="C" type="passive"/>
      </pins>
    </libpart>
    <libpart lib="attiny2313_tm1637_ds1302-rescue" part="tm1637-module-Display_Graphic">
      <fields>
        <field name="Reference">U</field>
        <field name="Value">tm1637-module-Display_Graphic</field>
      </fields>
      <pins>
        <pin num="1" name="VCC" type="power_in"/>
        <pin num="2" name="GND" type="power_in"/>
        <pin num="3" name="DIO" type="BiDi"/>
        <pin num="4" name="CLK" type="input"/>
      </pins>
    </libpart>
  </libparts>
  <libraries>
    <library logical="Device">
      <uri>C:\Program Files\KiCad\share\kicad\library/Device.lib</uri>
    </library>
    <library logical="MCU_Microchip_ATtiny">
      <uri>C:\Program Files\KiCad\share\kicad\library/MCU_Microchip_ATtiny.lib</uri>
    </library>
    <library logical="Simulation_SPICE">
      <uri>C:\Program Files\KiCad\share\kicad\library/Simulation_SPICE.lib</uri>
    </library>
    <library logical="Switch">
      <uri>C:\Program Files\KiCad\share\kicad\library/Switch.lib</uri>
    </library>
    <library logical="Timer_RTC">
      <uri>C:\Program Files\KiCad\share\kicad\library/Timer_RTC.lib</uri>
    </library>
    <library logical="Transistor_BJT">
      <uri>C:\Program Files\KiCad\share\kicad\library/Transistor_BJT.lib</uri>
    </library>
    <library logical="attiny2313_tm1637_ds1302-rescue">
      <uri>C:\Users\verbkinm\Documents\Atmel Studio\7.0\avr_simple_clock\Kicad\attiny2313_tm1637_ds1302/attiny2313_tm1637_ds1302-rescue.lib</uri>
    </library>
  </libraries>
  <nets>
    <net code="1" name="Net-(Q1-Pad2)">
      <node ref="R2" pin="1"/>
      <node ref="Q1" pin="2"/>
    </net>
    <net code="2" name="Net-(R1-Pad2)">
      <node ref="U1" pin="1"/>
      <node ref="R1" pin="2"/>
    </net>
    <net code="3" name="Net-(R2-Pad2)">
      <node ref="R2" pin="2"/>
      <node ref="U1" pin="14"/>
    </net>
    <net code="4" name="Net-(BZ1-Pad2)">
      <node ref="Q1" pin="3"/>
      <node ref="BZ1" pin="2"/>
    </net>
    <net code="5" name="Net-(BZ1-Pad1)">
      <node ref="BZ1" pin="1"/>
    </net>
    <net code="6" name="Net-(Q1-Pad1)">
      <node ref="R3" pin="2"/>
      <node ref="Q1" pin="1"/>
    </net>
    <net code="7" name="GND">
      <node ref="SW_2" pin="2"/>
      <node ref="U1" pin="10"/>
      <node ref="BT1" pin="2"/>
      <node ref="SW_1" pin="2"/>
      <node ref="U2" pin="4"/>
      <node ref="U3" pin="2"/>
      <node ref="SW_3" pin="2"/>
      <node ref="R3" pin="1"/>
    </net>
    <net code="8" name="Net-(U1-Pad9)">
      <node ref="U1" pin="9"/>
    </net>
    <net code="9" name="I\O">
      <node ref="U1" pin="17"/>
      <node ref="U2" pin="6"/>
    </net>
    <net code="10" name="Net-(U1-Pad18)">
      <node ref="U1" pin="18"/>
    </net>
    <net code="11" name="Net-(U1-Pad19)">
      <node ref="U1" pin="19"/>
    </net>
    <net code="12" name="Net-(U1-Pad2)">
      <node ref="U1" pin="2"/>
    </net>
    <net code="13" name="Net-(U1-Pad3)">
      <node ref="U1" pin="3"/>
    </net>
    <net code="14" name="Net-(U1-Pad8)">
      <node ref="U1" pin="8"/>
    </net>
    <net code="15" name="Net-(U1-Pad11)">
      <node ref="U1" pin="11"/>
    </net>
    <net code="16" name="Net-(U1-Pad5)">
      <node ref="U1" pin="5"/>
    </net>
    <net code="17" name="Net-(U1-Pad4)">
      <node ref="U1" pin="4"/>
    </net>
    <net code="18" name="DIO">
      <node ref="U1" pin="13"/>
      <node ref="U3" pin="3"/>
    </net>
    <net code="19" name="CLK">
      <node ref="U1" pin="12"/>
      <node ref="U3" pin="4"/>
    </net>
    <net code="20" name="SCLK">
      <node ref="U2" pin="7"/>
      <node ref="U1" pin="16"/>
    </net>
    <net code="21" name="RST">
      <node ref="U1" pin="15"/>
      <node ref="U2" pin="5"/>
    </net>
    <net code="22" name="Net-(U2-Pad1)">
      <node ref="U2" pin="1"/>
    </net>
    <net code="23" name="Net-(BT1-Pad1)">
      <node ref="BT1" pin="1"/>
      <node ref="U2" pin="8"/>
    </net>
    <net code="24" name="Net-(U2-Pad3)">
      <node ref="Y1" pin="1"/>
      <node ref="U2" pin="3"/>
    </net>
    <net code="25" name="Net-(U2-Pad2)">
      <node ref="U2" pin="2"/>
      <node ref="Y1" pin="2"/>
    </net>
    <net code="26" name="Net-(D2-Pad1)">
      <node ref="U1" pin="7"/>
      <node ref="SW_2" pin="1"/>
      <node ref="D2" pin="1"/>
    </net>
    <net code="27" name="Net-(D1-Pad1)">
      <node ref="D1" pin="1"/>
      <node ref="U1" pin="6"/>
      <node ref="SW_1" pin="1"/>
    </net>
    <net code="28" name="Net-(D1-Pad2)">
      <node ref="SW_3" pin="1"/>
      <node ref="D1" pin="2"/>
      <node ref="D2" pin="2"/>
    </net>
    <net code="29" name="Net-(U3-Pad1)">
      <node ref="U3" pin="1"/>
    </net>
    <net code="30" name="Net-(R1-Pad1)">
      <node ref="U1" pin="20"/>
      <node ref="R1" pin="1"/>
    </net>
  </nets>
</export>
